up_id,ra,dec
1,66.44787706,18.01735913
